hour,day_of_week,vehicle_count,weather,accident,road_type,event,congestion_level
6,1,131,2,1,1,1,69.93
19,3,653,1,0,1,0,30.59
14,5,1760,1,1,1,0,94.8
10,6,1824,2,1,1,0,100.0
7,1,821,2,0,0,0,52.629999999999995
20,3,952,2,0,1,0,55.56
6,5,414,1,1,1,0,49.42
18,5,212,1,0,0,1,31.36
22,1,1121,0,0,0,1,49.629999999999995
10,6,560,1,0,0,1,42.8
10,4,1402,1,1,1,1,95.06
23,4,1913,1,0,0,0,72.39
20,5,165,2,1,1,0,52.95
3,4,990,1,1,0,1,87.7
7,0,1922,2,1,0,1,100.0
23,5,386,0,1,1,1,56.58
2,5,930,0,0,0,1,47.9
21,3,786,2,1,0,1,92.58
20,4,1937,2,0,0,1,100.0
1,6,889,2,1,0,1,86.67
23,5,196,1,0,0,1,37.879999999999995
11,6,1648,0,1,1,0,76.44
5,0,1879,2,0,1,0,81.37
1,3,1396,1,1,0,0,78.88
20,1,492,0,1,1,0,40.76
0,6,886,1,0,1,1,55.58
11,5,1086,0,1,1,0,57.58
21,0,992,1,1,0,1,87.75999999999999
11,2,1567,0,1,0,0,78.00999999999999
16,0,1774,0,0,0,1,70.22
9,0,336,1,1,1,1,63.08
15,3,769,2,1,1,0,73.07
14,1,1187,0,0,0,0,37.61
14,2,529,2,0,0,1,56.87
18,4,71,1,0,1,1,32.129999999999995
11,4,1422,2,0,1,1,85.66
22,6,1799,2,0,0,0,77.97
19,0,732,2,1,1,0,69.96000000000001
2,3,1908,2,1,1,1,100.0
4,3,1639,2,1,1,0,100.0
18,4,955,0,0,1,1,43.65
6,6,1883,0,1,1,0,83.49
20,6,369,0,0,1,0,13.07
8,6,175,1,0,1,0,21.25
6,2,326,2,1,0,0,60.78
17,1,1277,0,0,0,0,38.309999999999995
3,2,243,1,0,1,1,34.29
13,5,1754,0,1,1,1,99.62
17,5,1737,0,0,1,0,60.11
8,1,1620,2,0,0,1,89.6
20,4,745,1,1,0,1,78.35
1,1,1359,2,0,1,0,67.77
19,3,106,2,0,0,1,43.18
14,5,1807,0,1,1,0,81.21000000000001
6,0,1376,2,1,1,1,100.0
11,0,1236,1,1,1,1,93.08
7,4,68,2,1,1,1,62.04
14,3,1443,2,0,1,1,78.28999999999999
2,2,313,2,0,1,1,52.39
13,3,843,0,1,1,1,74.28999999999999
16,0,162,1,0,0,1,35.86
3,0,1561,0,0,1,0,49.83
17,5,1400,0,1,0,0,72.0
7,3,591,0,1,1,0,42.730000000000004
3,3,696,0,0,1,0,26.88
1,0,628,0,1,0,1,63.84
5,2,1138,1,1,0,1,87.14
21,4,1365,2,1,1,1,100.0
9,6,74,0,0,0,0,4.22
3,4,1622,0,1,1,0,73.66
21,3,50,1,0,1,0,14.5
17,4,960,1,0,0,1,55.8
11,0,1622,2,0,0,0,68.66
1,0,190,1,1,0,1,56.7
9,3,1817,2,1,0,0,100.0
3,3,697,0,1,1,1,67.91
13,6,1974,0,1,0,0,84.22
15,6,237,2,1,0,1,70.11
14,5,1201,1,0,0,0,49.03
7,3,250,2,0,0,0,31.5
13,2,1200,1,0,0,1,67.0
22,4,306,0,1,1,1,56.18
7,3,1749,1,0,1,0,67.47
20,1,596,2,0,0,1,52.879999999999995
15,5,243,2,1,0,0,58.29
12,1,752,0,1,1,1,64.56
17,0,1177,1,0,0,0,50.309999999999995
14,6,1608,1,0,1,1,80.24
20,4,1338,1,1,1,0,81.14
23,3,851,0,1,0,0,59.53
12,1,991,1,1,1,0,69.73
8,4,1457,2,1,0,1,100.0
14,0,1333,1,0,0,0,57.99
12,6,463,0,0,1,1,28.89
0,2,1431,1,1,1,1,92.93
6,5,1148,1,0,0,1,59.44
8,4,1428,2,0,1,0,69.84
23,4,1657,1,1,0,1,100.0
0,2,1844,2,0,1,1,96.32
11,4,959,2,0,1,1,65.77
7,0,237,0,0,0,0,8.11
23,0,1758,2,1,0,1,100.0
10,2,1363,2,1,0,1,100.0
18,5,94,0,0,1,1,23.82
16,3,1646,2,1,0,1,100.0
7,1,132,0,1,0,0,35.96
2,3,1196,1,1,1,0,75.88
2,4,407,0,0,1,1,29.21
0,1,1601,2,0,0,1,88.03
4,2,1139,0,1,0,1,75.17
9,2,985,2,0,0,1,70.55
6,5,1730,1,0,0,0,70.9
8,1,424,0,0,1,0,18.72
6,0,211,1,0,1,0,19.33
8,1,1819,2,0,0,0,81.57
7,4,1453,2,1,0,1,100.0
11,0,1729,1,0,0,1,82.87
1,6,1431,0,0,1,0,45.93
0,6,1261,0,0,0,0,41.83
15,6,371,2,1,0,1,77.13
22,2,499,1,1,1,1,73.97
22,1,1547,1,1,1,1,98.41
23,6,1086,0,0,0,1,56.58
4,3,233,0,1,0,1,50.989999999999995
2,5,160,0,1,1,0,31.8
11,3,557,1,1,0,0,55.71
7,6,1363,0,1,0,1,82.89
21,5,344,0,0,1,1,34.32
2,4,1524,2,1,1,0,96.72
0,3,953,0,1,1,1,68.59
2,1,1288,0,0,0,0,46.64
4,1,1023,1,0,1,0,48.69
14,3,681,1,1,1,0,59.43
13,6,1967,2,0,0,0,87.00999999999999
2,1,1640,0,1,0,1,98.19999999999999
0,4,1100,2,0,1,1,73.0
4,0,1703,1,0,1,0,65.09
22,6,782,2,1,0,1,85.46000000000001
13,4,1304,1,0,0,1,71.12
6,5,1638,2,1,1,1,100.0
8,4,1880,2,0,1,1,100.0
14,6,370,0,1,0,0,38.1
14,5,962,2,0,1,1,68.86
9,6,1306,0,0,0,0,46.18
12,1,1743,0,0,1,0,60.29
18,0,486,0,0,0,1,34.58
6,6,830,0,0,0,0,28.9
16,6,1606,2,1,1,1,100.0
19,1,1476,1,0,1,1,70.28
3,2,1126,1,1,0,0,76.78
4,1,1860,1,1,1,1,100.0
22,5,1386,2,1,1,0,87.58
6,1,1354,0,0,1,0,42.62
12,1,775,1,1,0,1,75.25
14,0,80,2,0,1,1,40.4
10,1,386,0,1,1,1,57.58
3,6,232,1,1,0,0,49.96
12,0,1096,0,1,1,1,73.88
6,3,593,1,1,1,0,55.79
18,2,1519,1,1,0,0,88.57
21,0,1147,1,0,0,1,60.41
1,5,1083,0,1,1,1,81.49000000000001
9,3,1557,2,1,1,1,100.0
12,0,1529,0,0,0,0,54.87
20,0,1639,1,0,0,1,81.17
5,2,1637,0,0,1,0,57.11
11,6,709,2,1,1,1,87.27
11,5,209,0,1,1,1,53.269999999999996
19,4,1955,2,1,0,0,100.0
10,4,1087,2,1,1,0,80.61
22,0,1251,0,1,0,1,78.53
6,1,461,1,1,0,1,70.83
0,5,1951,2,0,0,1,94.53
0,3,1061,0,0,1,1,54.83
19,1,102,2,1,1,1,66.06
12,1,457,1,1,1,0,48.71
8,5,896,0,1,0,0,54.879999999999995
2,6,1095,0,1,1,0,59.85
6,0,1103,0,1,0,0,63.089999999999996
5,0,752,1,0,0,1,53.56
7,0,309,2,0,0,0,36.269999999999996
8,0,1278,0,1,0,0,64.34
4,4,1132,2,0,0,0,58.96
0,0,1544,2,1,0,1,100.0
18,4,825,1,1,1,0,68.75
9,4,1539,0,1,0,1,90.17
11,6,1085,2,0,1,0,61.55
23,0,1704,0,0,0,1,75.12
14,2,1363,0,1,1,0,71.89
21,3,899,1,0,1,1,53.97
23,1,1833,0,0,1,0,57.989999999999995
8,4,403,0,1,1,1,61.09
19,5,1712,2,0,0,1,94.36
16,5,1148,1,0,0,0,47.44
16,3,922,0,1,0,1,69.66
19,5,1789,2,1,0,1,100.0
11,2,1634,1,0,1,0,63.019999999999996
6,5,1664,1,1,1,0,87.92
1,1,1514,2,0,1,1,87.42
2,1,1040,2,1,0,0,82.2
16,4,1314,2,1,1,0,89.42
4,0,1067,2,1,0,0,78.00999999999999
16,6,1934,2,1,1,1,100.0
23,2,1227,0,0,1,1,60.809999999999995
16,4,1859,0,1,1,1,100.0
16,2,1169,1,1,1,1,93.07
1,0,1799,0,1,1,1,97.97
1,5,343,0,0,0,1,27.29
21,5,258,0,0,1,1,23.74
22,6,1416,2,1,0,0,94.47999999999999
4,0,1161,1,1,0,1,89.83
0,4,867,1,1,0,1,85.00999999999999
0,6,1849,1,1,0,0,96.47
18,0,439,1,1,0,0,48.17
1,3,374,0,1,0,0,36.22
20,1,989,0,0,0,1,53.67
11,6,938,2,1,0,0,74.14
5,6,1905,1,1,1,1,100.0
22,4,1230,0,1,1,1,78.9
3,2,717,0,1,0,1,61.51
22,3,1724,2,1,0,0,100.0
10,4,682,2,1,0,0,67.46000000000001
23,0,626,2,0,1,1,53.78
16,0,1692,0,0,1,1,72.75999999999999
5,0,1732,0,0,0,1,71.96000000000001
23,0,186,2,0,0,0,33.58
4,2,1996,1,0,1,1,86.88
19,3,1747,2,0,1,0,80.41
1,5,477,2,1,0,1,82.31
5,1,1525,2,1,0,0,90.75
21,2,661,2,1,0,1,81.83
10,2,1923,0,1,0,0,87.69
15,5,960,1,1,1,0,70.8
15,5,868,2,1,1,0,74.03999999999999
0,1,190,1,0,0,0,19.7
8,1,1156,1,1,0,0,77.68
5,5,226,1,0,0,0,21.78
15,0,247,2,0,1,1,48.41
2,2,673,0,1,0,1,66.19
19,4,1641,2,1,0,1,100.0
3,1,740,1,1,0,1,75.2
18,1,1494,1,1,1,0,82.82
2,5,450,0,1,0,1,57.5
18,3,1771,2,1,1,0,100.0
19,4,520,1,1,0,0,57.6
6,4,267,0,0,0,0,16.009999999999998
19,1,1998,1,1,0,1,100.0
8,0,978,0,1,1,0,60.34
0,3,1901,0,0,0,1,72.03
7,4,1802,2,1,0,1,100.0
6,1,681,1,1,1,1,73.43
17,4,1000,2,0,1,1,74.0
7,6,955,1,1,1,1,84.65
0,3,224,2,1,0,0,52.72
10,3,72,1,1,1,0,38.16
17,6,1798,2,1,0,1,100.0
22,2,1990,0,1,1,0,93.69999999999999
9,6,284,1,1,1,1,59.519999999999996
2,5,1086,1,0,1,0,48.58
6,5,1174,0,1,0,0,68.22
15,1,978,2,1,0,0,79.34
15,3,1609,1,0,0,0,67.27
19,2,1949,1,0,0,0,69.47
16,2,572,2,1,0,0,71.16
1,4,1858,0,0,0,0,64.74
0,4,1525,2,1,0,0,98.75
15,6,480,2,1,0,0,65.4
11,2,842,2,0,0,0,45.26
4,6,1679,1,1,1,0,93.37
4,6,1786,0,1,1,0,79.58
22,4,582,0,0,0,0,20.46
8,3,1925,2,0,0,1,100.0
8,6,1028,1,0,0,0,43.84
2,0,1796,2,0,0,0,75.88
18,3,1725,1,1,1,0,86.75
15,2,1366,1,0,1,0,56.98
15,2,859,1,0,0,0,40.769999999999996
2,6,962,1,0,1,0,47.86
19,3,1174,0,0,1,1,53.22
23,4,1575,1,0,0,1,77.25
21,4,1377,1,1,0,1,96.31
23,5,920,2,0,0,0,50.599999999999994
0,2,589,2,1,0,0,67.67
23,1,1073,0,0,1,0,41.19
19,5,1626,2,0,0,1,90.78
10,4,1428,1,0,1,0,54.839999999999996
16,3,1376,2,0,0,0,64.28
7,4,1569,0,0,1,1,71.07
3,3,1731,2,0,0,1,86.93
5,5,1841,2,0,0,0,78.22999999999999
7,2,276,0,0,1,0,17.28
19,4,1309,0,1,1,0,73.27
2,6,922,1,0,1,0,45.66
15,3,941,2,1,0,1,95.23
2,2,1528,1,0,1,0,58.839999999999996
17,1,1086,2,1,1,0,83.58
13,3,259,2,0,1,1,51.769999999999996
17,5,790,1,0,1,0,35.7
1,1,446,2,0,1,0,41.379999999999995
21,1,1173,2,1,1,1,100.0
2,0,80,2,1,1,1,65.4
15,4,947,0,1,1,0,54.41
8,3,1601,1,1,1,1,100.0
3,1,698,0,0,0,1,39.94
0,0,378,1,0,0,0,22.34
3,5,1239,1,0,1,1,71.17
0,2,1532,2,1,0,0,95.96000000000001
13,6,1895,1,0,0,0,75.85
20,6,1001,0,1,1,0,55.03
15,3,1173,0,1,1,0,65.19
19,1,670,0,1,1,1,63.099999999999994
23,6,1928,1,1,1,0,94.84
7,4,1246,0,1,1,0,63.379999999999995
6,6,1822,1,0,1,0,70.66
2,6,211,0,1,0,0,39.33
16,6,1978,0,1,1,1,100.0
0,0,1801,1,0,0,1,84.03
15,1,825,0,1,1,1,72.75
11,4,1336,2,1,1,0,86.08
18,1,1877,1,0,0,1,87.31
21,3,323,1,0,1,1,38.69
22,3,1076,1,0,1,0,46.28
21,3,1101,2,1,0,1,99.03
13,5,375,1,0,1,0,29.25
5,6,989,0,0,0,1,47.67
5,5,1222,0,0,1,1,59.66
12,0,589,0,1,1,1,66.67
18,3,537,1,0,0,1,49.11
21,4,871,0,1,1,0,54.129999999999995
7,1,1511,1,1,0,0,82.33
1,6,1138,0,0,0,1,50.14
20,2,405,2,1,0,0,65.15
0,4,1606,2,1,1,1,100.0
14,6,1325,2,0,1,1,79.75
0,5,284,2,1,0,1,72.52
4,5,276,1,0,1,1,37.28
15,4,1598,0,1,1,1,90.94
18,5,1386,2,1,1,1,100.0
3,3,98,1,0,0,0,16.939999999999998
2,0,167,2,0,1,0,28.009999999999998
16,1,103,2,1,0,1,71.09
16,0,1723,1,1,1,0,91.69
11,6,614,1,0,1,1,52.42
13,1,1117,0,1,0,0,67.50999999999999
20,1,1888,0,1,1,0,90.64
5,0,102,2,1,0,0,50.06
2,4,1659,2,1,1,1,100.0
8,1,607,0,0,0,0,23.21
4,0,1598,0,0,1,1,62.94
23,1,1750,1,0,1,1,81.5
16,2,1175,0,0,1,1,59.25
13,4,1865,0,0,0,0,60.949999999999996
20,3,1843,2,0,0,0,82.28999999999999
2,1,1922,0,1,0,0,90.66
0,2,917,2,0,1,1,64.50999999999999
19,3,447,0,1,0,1,54.41
20,3,1211,1,1,0,0,74.33
22,6,724,0,1,0,1,68.72
0,1,1994,0,0,0,0,66.82
2,0,436,0,1,0,0,40.08
17,1,160,2,0,0,0,27.8
9,2,663,1,1,0,0,56.89
21,3,66,0,1,0,1,50.980000000000004
2,1,1853,2,0,0,0,76.59
7,0,1255,1,1,0,0,75.65
13,6,933,2,1,1,0,77.99
23,1,1609,2,1,1,0,97.27
17,4,590,1,1,0,0,54.7
14,6,220,0,0,1,0,7.6
21,0,458,2,1,1,0,66.74000000000001
22,2,789,2,1,0,1,83.67
1,3,1451,0,0,0,1,66.53
9,1,1261,0,1,0,1,77.83
1,0,907,1,1,1,1,83.21
16,6,279,1,1,0,0,48.37
7,4,1906,1,1,1,1,100.0
0,0,1925,0,0,0,1,74.75
8,5,168,2,1,1,1,67.03999999999999
10,4,1229,2,0,1,0,56.87
21,6,833,1,1,0,1,77.99
15,2,1760,0,1,0,1,93.8
6,3,514,2,1,1,0,69.42
9,6,153,1,0,1,1,36.59
22,2,1677,2,1,0,0,97.31
2,1,747,2,1,0,1,88.41
17,0,1868,0,0,1,0,62.04
23,5,1575,0,0,0,1,70.25
12,4,1766,2,0,1,1,92.97999999999999
6,4,1755,1,0,0,1,77.65
3,0,1772,0,1,0,0,85.16
12,5,224,2,1,0,1,66.72
19,0,1807,0,1,1,0,81.21000000000001
0,1,794,0,1,0,0,52.82
7,2,1747,0,0,1,0,59.41
13,6,1494,2,1,0,0,97.82
15,4,1207,1,1,1,1,92.21000000000001
13,1,1464,1,1,1,1,100.0
11,2,1809,1,1,0,1,100.0
18,1,1574,0,0,1,0,51.22
22,5,714,2,1,1,1,90.42
14,4,82,0,1,1,0,34.46
1,6,104,1,1,1,0,38.120000000000005
1,0,568,1,0,0,0,34.04
22,0,805,2,0,0,1,65.15
21,2,1898,0,1,0,1,96.94
18,6,1711,1,1,1,0,95.33
21,3,61,2,1,1,1,70.83
21,5,1601,0,0,0,1,68.03
16,2,769,0,1,0,0,48.07
19,3,604,1,1,1,0,54.120000000000005
9,1,422,1,1,0,1,66.66
5,5,533,0,0,0,0,16.990000000000002
14,1,1022,0,1,1,0,64.66
21,6,1720,1,1,0,1,100.0
10,4,1301,0,0,1,1,59.03
4,5,672,1,0,0,0,37.16
0,3,356,0,1,1,1,57.68
7,4,506,1,0,1,0,32.18
20,0,209,2,1,1,0,56.269999999999996
11,3,380,1,0,1,1,38.4
11,2,825,1,0,1,0,34.75
4,0,274,2,1,0,0,54.22
6,0,1032,0,1,0,0,59.959999999999994
3,2,778,2,1,0,1,92.34
5,5,1577,1,0,1,1,76.31
12,0,1529,0,1,0,1,94.87
19,6,1118,2,1,1,0,78.53999999999999
14,3,1287,0,1,1,0,63.61
2,4,1132,0,1,0,1,81.96000000000001
22,0,693,2,1,1,1,81.78999999999999
7,3,665,0,0,0,1,40.95
19,1,244,2,1,1,0,61.32
15,3,1998,1,1,1,1,100.0
12,4,538,0,0,0,0,22.14
17,3,206,1,1,1,1,63.18
9,2,659,1,1,0,0,58.769999999999996
18,4,1299,0,1,1,0,63.97
16,5,461,2,1,0,1,76.83
23,1,1278,0,1,1,0,72.34
18,2,1152,1,0,0,1,61.56
22,5,1197,1,0,0,0,54.91
4,3,520,2,0,1,0,39.6
20,4,1291,0,1,0,1,87.72999999999999
22,1,565,1,0,1,0,35.95
8,2,1675,1,1,1,1,100.0
11,5,1177,1,1,0,1,86.31
20,5,442,2,1,0,1,79.25999999999999
0,1,680,1,0,0,0,32.4
0,6,1718,1,0,0,0,61.54
14,3,1897,0,0,0,0,65.91
1,1,657,0,1,1,1,61.71
21,5,1029,1,0,0,1,63.87
15,0,483,1,1,1,0,58.49
7,2,1404,0,0,0,0,47.12
12,1,1216,2,0,0,1,76.47999999999999
20,6,1873,2,1,0,0,100.0
0,5,589,2,1,1,1,84.67
15,3,327,2,0,0,0,33.81
6,5,282,2,0,1,1,49.46
4,3,1602,2,0,1,0,76.06
21,1,1644,2,1,1,0,98.32
22,3,1163,2,1,0,1,98.89
2,4,1565,0,0,1,1,64.94999999999999
11,4,1272,2,0,0,1,78.16
15,4,411,2,1,1,0,58.33
18,6,1514,2,0,0,1,82.42
4,6,75,1,1,1,1,52.25
21,0,1098,0,1,0,0,58.94
13,6,1467,0,1,0,1,85.00999999999999
4,1,556,0,1,0,1,63.68
14,5,1374,2,1,1,1,100.0
16,5,1412,2,1,1,0,88.36
13,0,316,1,0,0,0,24.48
19,6,510,0,1,1,0,44.3
4,3,1766,2,1,1,1,100.0
11,0,505,0,0,1,0,19.15
15,3,1433,1,1,1,1,96.99
15,3,1141,1,0,1,1,63.23
20,2,1056,1,1,1,1,83.68
6,5,912,0,0,1,0,29.36
3,4,1485,2,0,0,0,67.55
0,6,540,2,1,0,1,82.2
4,3,1906,1,1,1,1,100.0
22,2,1122,2,1,0,0,87.66
9,5,1760,1,1,0,0,90.8
21,4,613,0,0,0,0,21.39
4,3,1175,1,0,1,1,60.25
3,3,265,0,0,1,0,16.95
1,0,1511,1,1,1,0,87.33
19,0,1773,2,0,1,0,73.19
9,5,1642,2,1,1,1,100.0
18,4,608,1,1,0,0,59.239999999999995
0,3,208,2,0,1,1,49.24
23,5,538,2,1,0,1,83.14
4,5,735,2,0,1,1,61.05
12,1,1315,0,1,0,0,71.44999999999999
3,6,843,2,0,1,0,54.29
15,0,1826,0,1,1,0,81.78
23,4,1955,1,0,1,1,92.65
15,3,54,2,0,1,0,27.62
22,5,1669,2,1,1,1,100.0
1,3,1893,2,1,1,0,100.0
16,1,410,1,0,0,0,30.299999999999997
19,4,508,0,1,1,0,46.24
23,5,297,0,1,0,0,36.91
11,3,1639,2,1,1,1,100.0
17,0,1746,1,0,0,1,86.38
2,6,995,1,0,0,1,60.849999999999994
0,1,471,1,1,0,1,73.13
0,4,1996,1,1,0,0,100.0
18,1,1811,1,0,0,1,82.33
10,0,64,0,1,0,1,50.92
4,4,785,0,0,1,1,40.55
11,1,1646,0,1,0,0,81.38
2,2,1195,2,1,1,1,95.85
0,0,326,1,1,1,1,67.78
0,0,1631,2,0,0,0,68.93
7,0,502,1,0,0,0,26.06
9,2,1463,0,0,1,1,65.89
10,2,1367,2,0,0,1,84.00999999999999
11,3,1647,0,1,0,0,80.41
12,5,647,1,1,0,1,71.41
11,6,495,1,0,0,0,30.85
13,1,259,1,1,0,1,62.769999999999996
1,3,1663,0,1,0,1,90.89
18,1,763,1,0,0,1,49.89
17,6,351,0,1,1,1,59.53
2,5,1982,2,1,0,1,100.0
22,2,1296,1,0,1,0,52.879999999999995
16,5,1807,1,1,1,0,98.21000000000001
7,2,52,1,1,1,1,54.56
9,6,1039,2,1,1,1,92.17
1,5,1591,1,0,0,1,75.72999999999999
18,3,1166,0,0,1,0,41.98
8,4,569,0,1,1,0,46.07
6,3,1501,1,1,1,0,84.03
3,1,542,1,1,1,0,60.26
20,3,1308,2,0,1,0,61.24
17,6,669,2,0,0,0,47.07
12,0,1234,2,0,0,0,62.019999999999996
10,1,1794,1,1,1,0,89.82
23,5,1825,2,1,0,1,100.0
3,1,380,2,1,0,0,64.4
20,4,382,0,1,1,0,42.46
3,2,99,2,1,1,0,56.97
9,5,1596,0,0,1,0,55.879999999999995
4,1,912,0,1,0,1,72.36
8,5,1741,2,1,1,0,100.0
23,5,1565,0,1,0,1,86.94999999999999
2,5,1655,1,0,0,1,79.65
16,2,1754,1,1,0,1,100.0
2,6,321,2,0,1,0,31.63
15,3,629,1,0,0,0,30.87
3,5,1940,0,0,1,0,60.199999999999996
17,0,1325,1,0,1,1,66.75
16,6,609,2,0,1,1,59.269999999999996
6,4,745,2,1,1,1,91.35
23,2,1905,0,1,1,1,98.15
22,1,1772,2,0,0,0,82.16
4,2,1163,1,0,0,0,53.89
11,1,495,2,0,0,0,35.85
16,2,1066,0,1,0,1,73.98
22,1,1405,2,1,0,1,100.0
12,5,1212,1,0,1,0,52.36
22,3,406,0,1,1,0,39.18
2,1,1674,1,1,0,1,100.0
8,1,323,0,0,0,0,17.689999999999998
16,0,1092,2,0,0,0,61.76
16,1,360,0,1,1,1,53.8
19,0,919,0,1,1,1,73.57
15,4,935,2,1,1,1,96.05
21,5,203,1,0,0,0,23.09
12,0,1463,2,0,0,1,85.89
18,3,1333,0,0,0,0,47.99
16,6,669,2,1,0,0,69.07
3,5,932,0,1,1,1,71.96
11,0,846,2,0,0,0,47.379999999999995
8,5,1644,2,1,0,1,100.0
18,5,174,1,0,0,1,37.22
11,5,1427,0,1,1,0,71.81
8,4,1346,1,0,1,0,53.379999999999995
6,3,668,0,1,0,1,67.03999999999999
13,2,1884,2,1,1,1,100.0
19,2,294,0,0,1,1,28.82
18,0,897,1,0,1,1,55.91
14,5,499,1,0,1,1,43.97
15,0,979,1,0,1,1,63.37
20,4,1320,0,0,0,0,40.6
4,4,569,1,1,0,0,55.07
2,1,1214,1,0,0,0,53.42
11,4,411,1,0,1,0,29.33
19,1,57,2,0,1,1,36.71
20,3,527,2,0,1,0,36.81
3,0,1425,0,0,1,0,46.75
20,6,544,0,1,0,1,64.32
22,3,1679,1,0,0,0,69.37
15,4,882,2,0,0,1,67.46
6,3,1500,1,0,0,1,79.0
12,3,1112,1,1,0,1,87.36
20,3,642,2,1,0,1,79.25999999999999
9,4,236,2,0,1,1,47.08
6,6,1669,2,0,1,0,77.07
13,5,1673,0,1,0,0,81.19
4,3,803,0,1,1,0,50.09
2,1,1927,1,1,0,1,100.0
22,4,142,0,0,0,0,7.26
10,3,135,2,0,1,0,32.05
10,6,1117,2,1,0,0,87.50999999999999
17,5,186,0,0,0,0,5.58
14,4,470,1,1,0,1,69.1
11,2,123,1,1,1,0,40.69
8,5,1621,0,1,1,1,96.63
9,1,1686,1,0,1,1,79.58
11,3,1585,1,1,1,0,87.55
16,6,1229,1,1,0,1,94.87
5,2,1328,2,0,1,1,82.84
6,6,220,2,1,1,1,73.6
13,2,1801,0,0,1,1,77.03
12,4,219,2,1,0,1,69.57
7,2,1837,1,0,1,1,85.11
9,1,921,2,1,1,1,91.63
8,1,371,0,1,0,0,40.129999999999995
17,0,1640,2,1,0,0,97.19999999999999
1,1,505,1,1,0,1,66.15
4,5,993,1,1,0,1,84.78999999999999
4,2,1676,0,0,1,0,58.28
5,1,839,2,0,0,0,45.17
18,4,662,2,1,1,0,70.86
7,6,1228,2,1,1,0,86.84
15,6,938,1,1,1,1,80.14
12,0,398,0,0,1,1,26.939999999999998
0,6,1524,2,0,1,0,68.72
21,2,1949,1,1,0,0,100.0
19,0,1726,1,0,1,0,62.78
16,2,1246,1,1,1,0,74.38
6,4,59,2,1,1,1,62.769999999999996
12,0,789,2,1,0,0,69.67
3,3,1338,2,0,1,0,69.14
3,5,1511,2,1,1,0,97.33
5,5,1833,2,1,0,1,100.0
18,2,1320,2,1,1,1,100.0
11,6,716,2,0,1,1,63.480000000000004
21,3,595,2,0,0,0,39.849999999999994
6,0,1572,2,0,1,0,68.16
9,3,178,1,1,1,0,47.34
18,3,1745,2,0,1,1,89.35
6,6,650,0,1,1,1,65.5
2,0,654,1,0,1,0,29.62
12,4,376,2,1,0,0,61.28
12,6,1826,0,0,0,1,77.78
17,3,1908,2,1,0,0,100.0
19,3,1029,0,0,1,0,36.87
7,4,453,0,0,1,0,18.59
8,3,678,0,0,1,1,42.34
6,3,1679,0,1,0,0,77.37
0,3,1748,1,0,1,0,64.44
2,5,1684,1,0,1,0,63.519999999999996
12,6,1698,0,0,1,0,52.94
16,1,1432,2,0,0,1,85.96000000000001
23,6,1676,0,1,0,1,93.28
0,4,1931,1,0,1,1,87.93
5,3,767,2,1,1,0,75.00999999999999
20,6,1090,1,1,1,1,89.69999999999999
5,5,323,1,1,0,0,48.69
11,4,734,2,1,0,1,86.02
12,2,165,0,0,0,0,9.95
12,6,910,0,1,1,1,76.3
14,2,742,0,1,0,1,68.25999999999999
20,3,1164,0,1,1,1,83.92
15,5,1155,2,1,1,0,85.65
21,5,373,2,0,0,0,34.19
20,6,1010,2,0,1,0,55.3
10,4,163,1,1,0,1,60.89
4,4,1842,2,1,1,0,100.0
3,5,1131,0,1,1,0,62.93
2,4,203,1,0,0,0,17.09
18,5,1950,0,0,1,0,64.5
19,6,1477,0,0,1,0,49.309999999999995
17,1,1701,2,0,1,0,71.03
14,5,1928,2,0,1,1,95.84
8,2,1339,0,1,1,1,82.17
16,4,364,0,0,1,0,12.92
13,5,1788,1,0,1,1,84.64
14,5,1114,2,1,1,1,100.0
0,6,154,1,0,0,0,17.62
20,4,1974,1,0,0,0,76.22
21,1,1963,1,0,1,1,91.89
21,6,1266,0,1,1,0,64.97999999999999
2,1,1474,1,0,0,1,73.22
15,6,1351,1,1,1,1,93.53
22,4,403,0,1,0,1,61.09
10,0,1065,2,0,0,0,56.95
11,4,1822,2,0,0,1,98.66
9,4,782,1,0,1,0,36.46
15,1,1653,0,0,1,0,56.589999999999996
7,1,758,2,1,1,0,69.74
5,4,1329,1,0,0,0,53.87
11,4,700,1,1,0,0,56.0
23,4,873,0,1,0,1,71.19
20,1,996,1,1,1,0,68.88
7,4,710,2,1,0,0,73.3
3,4,148,0,1,0,0,37.44
7,3,637,2,0,1,0,46.11
17,0,331,2,1,0,0,61.93
4,2,1956,2,1,0,1,100.0
8,0,452,1,0,1,0,26.56
3,3,1182,1,0,1,0,48.46
21,2,749,2,1,0,1,86.47
16,6,248,2,1,1,0,60.44
8,4,1376,0,0,0,1,64.28
0,3,376,0,1,1,1,60.28
20,6,203,1,0,0,1,31.09
19,4,601,1,0,1,1,50.03
12,1,1718,0,1,0,0,76.53999999999999
15,5,454,2,0,1,0,34.62
12,3,511,1,1,1,1,71.33
13,1,181,2,1,1,1,72.43
2,3,840,0,1,1,0,50.2
5,3,923,1,0,1,1,54.69
17,1,133,1,1,1,1,59.99
18,2,1472,0,0,1,1,67.16
4,0,803,1,1,0,0,66.09
14,4,677,0,1,0,1,67.31
1,3,1182,1,0,1,0,53.46
9,4,270,0,1,1,0,42.1
23,5,1977,1,1,0,0,96.31
17,1,602,2,0,0,1,60.06
12,4,1441,2,0,1,1,78.22999999999999
4,1,1220,2,0,0,0,63.6
22,4,161,1,1,0,0,45.83
23,0,664,1,0,1,0,36.92
0,0,1631,2,0,1,1,83.93
21,0,973,2,1,1,1,94.19
0,0,1567,0,0,0,0,53.01
17,0,1578,0,1,1,0,76.34
14,0,524,0,1,1,1,59.72
16,1,885,2,0,0,0,52.55
10,3,1963,2,1,1,1,100.0
20,4,320,2,0,0,1,49.6
21,0,470,0,0,0,0,20.1
16,1,1970,1,0,0,0,69.1
12,1,756,2,0,0,1,58.68
0,1,1440,1,1,0,1,96.19999999999999
1,3,1353,1,1,0,1,97.59
8,4,1356,1,0,1,1,74.68
2,3,89,0,0,1,1,22.67
0,2,238,1,1,1,0,42.14
20,6,1237,2,0,0,1,81.11
15,1,1043,0,1,1,1,75.28999999999999
22,2,1609,2,0,0,1,89.27
5,5,585,2,1,1,0,67.55
16,0,1077,0,1,0,0,65.31
4,6,1908,2,1,1,1,100.0
4,0,339,2,0,0,1,48.17
5,3,482,0,0,1,0,18.46
2,6,520,2,0,0,0,41.6
20,4,1254,1,0,1,0,54.62
22,2,1321,2,0,0,0,63.629999999999995
4,4,677,1,1,1,1,78.31
20,3,328,2,1,1,0,63.84
4,0,926,0,1,1,1,70.78
9,6,630,0,1,0,1,61.9
9,4,912,2,1,0,0,79.36
18,4,303,0,1,0,0,34.09
16,0,230,2,1,0,0,58.9
20,6,1903,0,0,0,0,61.089999999999996
13,2,730,1,1,1,1,71.9
8,0,874,2,0,0,1,64.22
13,4,1582,1,1,1,1,98.46000000000001
0,2,1834,1,1,1,0,93.02
18,2,749,2,0,0,1,64.47
12,0,615,1,1,1,0,57.45
12,4,1399,2,0,0,1,76.97
3,3,1430,1,1,0,0,83.9
0,4,1898,2,0,0,1,91.94
16,1,1723,2,1,1,1,100.0
7,6,729,0,0,0,0,23.869999999999997
1,5,440,2,0,0,1,50.2
7,3,1688,2,1,0,1,100.0
6,2,1158,1,1,1,0,78.74000000000001
1,3,1390,2,0,0,0,66.69999999999999
21,6,261,0,1,1,0,37.83
21,2,1588,1,0,1,0,57.64
2,6,433,1,1,0,0,51.99
17,2,1764,0,0,1,1,72.91999999999999
11,3,391,1,1,1,0,53.730000000000004
0,2,1888,1,0,0,1,81.64
21,2,893,1,1,0,1,80.78999999999999
11,1,1111,1,0,0,0,45.33
4,4,1584,0,0,1,1,63.519999999999996
16,4,469,0,1,0,1,61.07
15,5,800,1,1,1,0,65.0
14,5,1242,1,0,1,1,71.25999999999999
22,1,1982,0,0,1,0,65.46000000000001
14,5,1416,0,0,1,0,46.48
4,6,1899,0,0,1,0,64.97
20,3,355,1,1,0,1,64.65
13,0,1615,1,0,0,1,74.44999999999999
1,6,751,2,0,1,1,59.53
10,0,918,0,0,1,1,45.54
18,0,586,1,1,0,0,56.58
6,1,1185,0,0,0,1,52.55
5,6,1484,1,1,1,0,85.52
1,1,255,0,1,1,1,51.65
5,2,1258,1,1,0,1,91.74000000000001
17,0,1455,2,1,0,1,100.0
1,3,545,2,1,1,1,82.35
17,5,1452,0,1,0,1,92.56
14,3,1120,1,1,0,0,77.6
18,5,1959,1,0,1,1,90.77
1,0,1813,0,0,1,1,77.39
19,0,1624,1,1,1,1,100.0
5,0,1601,0,0,0,1,67.03
0,1,553,1,0,1,0,30.59
23,6,1095,0,1,0,1,79.85
14,5,262,1,0,1,0,25.86
22,6,359,0,1,1,1,56.769999999999996
9,1,710,1,0,0,0,35.3
18,1,802,2,1,0,0,71.06
16,4,321,1,1,1,0,44.629999999999995
4,3,1644,0,0,1,0,57.32
3,3,1872,2,0,0,0,80.16
9,2,987,1,1,1,1,87.61
23,1,1275,2,1,0,0,92.25
16,5,81,1,1,0,1,55.43
9,4,492,2,0,1,0,38.76
16,4,211,0,0,0,0,9.33
19,6,816,1,0,0,1,50.480000000000004
23,3,303,1,0,0,0,19.09
4,1,570,0,1,1,0,49.099999999999994
1,2,1026,2,1,0,0,78.78
5,1,1724,0,1,1,0,80.72
20,6,1553,0,1,1,1,91.59
1,0,59,2,0,1,0,28.77
12,1,775,0,1,0,0,55.25
10,6,554,1,1,0,1,72.62
10,0,834,1,0,1,1,53.019999999999996
15,0,1909,1,0,1,0,72.27
10,2,1633,0,1,0,0,76.99
18,5,485,1,0,1,1,45.55
14,3,1184,1,1,1,0,70.52
22,1,202,1,0,0,1,35.06
22,0,1708,1,0,1,0,70.24
15,1,966,1,1,0,1,87.98
10,5,918,1,0,0,1,55.54
21,3,1175,0,1,1,1,81.25
15,5,802,1,0,0,0,42.06
7,3,1906,1,0,0,0,71.18
3,4,1264,2,0,0,0,60.92
7,3,1802,0,0,1,0,62.059999999999995
3,2,612,0,0,1,1,37.36
23,5,1877,0,1,1,1,100.0
2,0,1154,0,0,0,1,56.62
2,4,538,1,1,0,0,54.14
17,2,944,1,0,1,0,44.32
18,1,1161,2,1,1,0,83.83
18,5,1267,2,0,0,1,82.00999999999999
20,6,153,0,1,1,0,32.59
4,6,1856,2,1,1,0,100.0
17,0,1169,2,0,1,1,74.07
9,3,1496,0,0,1,1,67.88
21,0,1964,0,0,1,0,66.91999999999999
20,6,1271,2,1,0,1,100.0
5,1,1074,1,1,1,0,70.22
0,4,1056,2,0,1,1,67.68
4,4,456,2,0,0,1,50.68
8,5,1451,1,1,0,1,94.53
11,4,216,1,1,0,0,45.480000000000004
13,5,558,0,0,0,0,21.74
1,5,1711,0,1,1,0,80.33
16,5,362,2,0,1,1,46.86
13,6,1666,1,0,1,1,78.97999999999999
12,6,1491,0,0,1,1,67.72999999999999
8,3,812,2,1,0,1,87.36
14,2,730,1,1,0,0,65.9
21,5,526,2,1,1,0,61.78
14,5,122,0,1,1,0,30.66
23,2,1214,0,0,1,1,53.42
10,0,631,1,1,1,1,76.93
15,5,311,2,0,0,0,32.33
16,3,1413,1,0,1,1,67.39
3,4,1381,0,0,0,0,41.43
0,4,294,0,1,0,1,54.82
7,1,1588,2,0,0,1,88.64
16,1,1410,2,0,0,0,63.3
2,4,1648,2,1,1,0,100.0
19,4,610,1,0,1,1,51.3
14,6,1149,2,1,1,0,83.47
14,3,1953,2,1,1,0,100.0
23,2,224,0,1,0,1,48.72
21,1,158,0,0,0,1,21.740000000000002
13,6,232,2,1,0,1,71.96000000000001
22,6,241,2,1,1,0,55.230000000000004
13,2,114,0,1,0,1,50.42
23,6,1922,2,1,0,1,100.0
1,3,1012,1,0,0,1,55.36
12,4,1547,1,1,0,1,100.0
13,5,1856,1,0,1,1,80.68
23,2,1173,2,1,0,0,85.19
18,4,1617,0,0,0,1,63.51
6,4,913,2,1,1,1,89.39
2,0,1201,2,0,1,0,65.03
14,2,1525,0,1,1,1,89.75
22,6,1987,0,0,0,1,83.61
13,5,418,0,0,0,0,18.54
10,2,900,1,0,0,1,61.0
14,6,92,2,1,0,0,54.76
12,4,1957,0,0,1,1,81.71000000000001
17,5,1492,2,0,0,0,69.75999999999999
5,6,537,1,0,0,0,34.11
2,3,127,1,0,1,1,35.81
18,6,875,0,1,1,0,59.25
14,0,1874,0,0,1,0,65.22
22,4,1343,2,0,0,1,78.28999999999999
4,6,723,0,0,0,1,44.69
9,1,750,2,1,0,0,73.5
6,1,808,0,0,0,1,43.239999999999995
16,0,1973,2,0,0,0,83.19
6,3,777,2,0,1,0,43.31
21,4,1388,2,0,1,1,77.64
11,2,974,2,1,0,1,98.22
16,0,1924,1,0,0,0,69.72
12,3,951,2,0,0,1,70.53
19,2,938,0,1,0,1,73.14
3,1,1042,1,1,0,0,75.25999999999999
9,1,1241,1,1,1,0,76.22999999999999
2,2,388,2,0,1,0,31.64
8,0,242,1,1,1,0,50.26
12,1,1526,2,0,0,0,67.78
17,4,332,0,1,0,0,36.96
14,5,1409,2,0,1,1,78.27
3,6,439,1,1,1,0,51.17
14,2,1049,0,0,0,1,47.47
21,2,574,2,1,1,1,85.22
1,1,1313,0,0,1,0,48.39
14,0,1905,0,0,0,1,78.15
7,4,1556,1,0,1,0,63.68
7,0,708,0,0,1,1,38.239999999999995
16,3,765,1,0,1,0,37.95
11,3,1665,0,0,0,0,58.949999999999996
18,5,940,2,0,1,0,53.2
9,1,1628,0,0,1,0,48.839999999999996
8,1,1531,2,1,1,1,100.0
4,1,1162,2,0,0,1,71.86
5,5,1733,0,0,0,1,68.99
19,3,1168,2,1,1,1,97.03999999999999
1,0,501,0,0,0,1,39.03
23,5,477,0,1,1,0,48.31
12,5,1224,2,0,0,0,63.72
5,0,1587,2,1,0,0,96.61
4,1,1449,1,1,1,0,81.47
0,4,1095,2,0,1,0,60.85
20,0,932,1,1,1,1,85.96
21,3,362,2,0,0,0,30.86
20,2,889,0,0,1,0,27.669999999999998
5,2,568,2,0,0,1,59.04
5,6,1279,0,0,0,1,57.37
22,6,424,0,1,1,0,43.72
15,5,500,0,0,0,0,15.0
3,2,1699,1,1,1,1,100.0
10,4,1857,2,1,0,0,100.0
23,1,1064,0,0,1,0,33.92
22,3,644,0,0,0,0,28.32
8,6,1252,1,0,0,1,63.559999999999995
22,4,1283,2,0,1,0,59.49
2,3,549,2,1,0,0,69.47
18,3,513,1,0,1,1,43.39
7,1,1913,1,1,0,1,100.0
4,5,1197,2,0,0,1,76.91
3,2,162,1,0,0,0,23.86
23,1,1085,2,0,1,1,76.55
5,4,1199,2,0,1,0,56.97
1,5,1638,0,1,1,1,91.14
19,4,380,0,1,1,0,38.4
10,5,1974,2,0,1,1,99.22
3,6,1356,2,1,0,0,87.68
14,4,189,2,1,0,0,54.67
5,1,1474,2,0,1,1,82.22
21,5,951,2,0,0,1,65.53
16,5,1170,2,1,0,0,87.1
23,3,566,1,1,0,1,75.98
5,3,618,2,1,0,0,65.53999999999999
18,0,1997,1,1,1,1,100.0
1,4,895,1,0,0,1,57.849999999999994
14,3,1142,2,0,1,0,60.26
10,0,167,2,1,1,1,66.00999999999999
7,6,937,1,0,0,1,55.11
18,6,1132,1,1,1,0,77.96000000000001
12,3,1106,2,1,0,0,87.18
11,4,1391,2,0,0,1,79.72999999999999
4,5,99,1,1,0,0,43.97
5,2,1953,1,1,1,1,100.0
21,4,1562,1,0,1,1,73.86
3,1,68,0,0,1,0,8.04
18,6,775,1,1,0,0,64.25
19,3,246,0,1,0,0,41.38
0,3,1964,2,0,0,0,80.91999999999999
19,5,1523,2,1,1,0,90.69
16,1,608,1,1,0,0,55.239999999999995
11,5,1752,2,0,0,1,91.56
14,1,501,2,0,1,1,56.03
0,2,338,2,0,1,0,33.14
13,6,1214,2,0,1,1,71.42
5,3,1157,0,0,0,1,54.71
4,3,1767,0,0,0,1,69.00999999999999
10,2,440,1,1,0,1,65.2
3,0,1664,1,1,1,0,87.92
12,6,264,1,0,1,1,37.92
10,5,1599,2,0,1,1,87.97
2,2,264,2,1,1,0,58.92
0,5,1476,0,1,0,0,73.28
5,4,177,0,1,0,0,36.31
17,3,1895,1,0,0,0,67.85
23,5,1550,0,0,0,1,61.5
9,1,809,0,1,0,0,58.269999999999996
4,5,453,0,0,0,1,35.59
22,4,1102,0,0,0,1,48.06
9,6,1865,0,0,0,0,56.949999999999996
11,3,387,1,1,1,0,55.61
1,2,880,1,1,1,0,66.4
12,4,763,0,0,0,0,22.89
7,3,410,1,0,1,0,31.299999999999997
1,5,618,2,0,0,0,40.54
19,6,1465,0,0,0,1,64.94999999999999
0,0,267,2,0,1,1,50.01
4,6,1647,1,1,0,1,100.0
8,0,1742,1,0,0,1,79.25999999999999
16,1,251,2,0,0,0,27.53
8,6,66,1,0,0,0,19.98
10,3,371,0,1,0,1,60.129999999999995
14,0,567,2,1,0,1,82.00999999999999
23,2,1643,0,0,0,1,69.28999999999999
5,3,1398,2,1,1,0,94.94
22,2,1485,1,1,1,0,79.55
2,6,1391,2,1,0,0,91.72999999999999
16,2,730,2,1,1,1,85.9
4,0,1155,0,1,0,1,79.65
11,3,1547,1,1,0,0,88.41
17,5,1541,0,0,0,0,50.23
13,4,474,1,1,0,1,65.22
20,0,1804,0,1,1,1,95.12
23,0,1762,2,0,1,0,81.86
10,5,1277,0,0,1,1,57.309999999999995
8,3,1656,1,0,1,0,61.68
1,3,1068,1,0,0,0,51.04
11,6,436,2,1,1,1,75.08
2,2,827,1,1,0,1,81.81
2,6,147,0,1,0,1,50.41
0,5,1418,2,1,1,0,87.53999999999999
7,6,1876,1,0,0,1,85.28
21,5,257,1,1,1,1,65.71000000000001
7,3,1587,0,1,1,0,75.61
10,2,1709,0,0,1,0,51.269999999999996
8,6,1865,2,1,1,1,100.0
4,0,635,1,1,1,0,58.05
13,1,215,0,1,0,0,32.45
2,4,71,2,1,1,0,47.129999999999995
20,0,203,1,0,1,1,33.09
4,3,1512,1,0,0,1,78.36
4,4,1368,2,0,1,0,61.04
18,1,268,2,0,1,0,31.04
13,1,718,0,0,0,0,28.54
3,2,1568,1,1,0,1,100.0
12,4,279,1,1,1,0,52.37
9,2,69,1,0,0,0,19.07
17,0,602,2,0,1,1,62.06
7,5,999,0,0,0,0,36.97
7,5,197,1,1,1,1,58.91
6,5,1181,2,0,1,1,77.43
7,4,452,1,1,1,1,71.56
13,5,645,0,1,0,0,50.349999999999994
18,0,1556,1,1,1,0,82.68
5,2,416,0,1,0,1,60.480000000000004
0,4,1907,0,0,1,0,64.21000000000001
22,2,1487,1,1,1,1,98.61
14,4,1382,1,1,1,0,78.46000000000001
0,2,851,0,0,1,1,46.53
16,1,967,2,1,1,1,90.00999999999999
0,2,1908,0,1,0,0,84.24
14,5,1207,1,1,0,0,79.21000000000001
22,1,1792,1,0,0,0,66.75999999999999
1,2,1356,2,1,1,0,88.68
13,4,1851,0,1,1,1,97.53
20,4,122,0,0,0,1,22.66
7,4,530,0,0,1,0,17.9
7,3,1425,1,1,1,0,85.75
18,0,609,0,1,1,1,60.269999999999996
6,4,1399,2,0,0,0,62.97
18,1,794,1,1,0,0,62.82
5,4,1516,1,0,0,0,60.48
5,3,149,0,1,0,0,29.47
2,5,1132,2,0,0,1,73.96000000000001
6,1,557,1,1,1,1,75.71000000000001
18,3,307,1,0,1,0,21.21
7,5,462,0,0,1,1,31.86
9,6,1525,0,0,1,0,50.75
19,6,1138,2,0,0,0,61.14
14,1,644,0,0,0,0,27.32
14,2,1227,2,1,1,1,100.0
0,0,315,1,1,0,1,65.45
19,0,870,2,0,1,1,65.1
6,3,1152,2,1,1,1,100.0
3,5,1388,2,1,1,1,100.0
5,0,711,1,1,1,0,65.33
0,5,996,0,1,0,0,59.879999999999995
4,5,609,1,1,1,1,72.27
22,3,966,0,1,0,1,68.98
0,3,940,2,0,1,1,67.2
3,3,1321,2,1,1,0,88.63
21,0,1863,2,1,1,1,100.0
1,6,917,2,1,1,0,72.50999999999999
9,3,659,2,0,0,0,43.769999999999996
4,0,463,0,1,1,1,59.89
9,3,74,0,1,0,0,32.22
0,4,333,2,1,1,0,59.99
21,5,1522,1,0,1,1,76.66
5,3,930,1,1,1,0,67.9
12,1,350,2,0,0,1,49.5
14,5,1141,0,1,1,0,68.22999999999999
3,5,1080,1,0,1,1,61.4
12,3,866,1,0,1,1,58.980000000000004
23,6,1210,1,0,1,0,53.3
19,2,1237,2,1,1,1,100.0
23,6,132,1,0,0,0,16.96
14,3,1970,1,0,0,0,72.1
7,5,1723,1,0,1,1,85.69
4,1,1493,1,0,1,0,58.79
14,5,1146,0,1,0,1,76.38
3,6,1310,2,1,1,0,91.3
11,1,95,2,1,0,0,53.85
12,0,667,0,1,1,1,64.00999999999999
1,4,977,0,0,1,0,38.31
18,5,1873,2,1,0,0,100.0
18,3,311,1,0,1,0,23.33
3,0,225,1,1,0,0,43.75
3,4,1239,2,1,0,0,91.17
10,3,706,1,1,0,0,60.18
4,2,891,0,0,1,0,26.73
19,3,419,1,1,0,0,52.57
10,1,1868,1,1,0,1,100.0
9,1,103,1,1,1,0,41.09
7,2,739,2,0,1,0,45.17
5,0,1492,0,1,1,1,91.75999999999999
5,4,1829,1,1,1,1,100.0
7,3,1580,2,0,1,1,85.4
22,1,1414,1,0,1,0,53.42
14,0,1200,0,1,0,1,76.0
13,2,1482,1,1,1,1,100.0
10,6,1997,0,1,0,0,86.91
11,5,416,1,0,1,0,29.48
12,6,1344,0,0,0,1,60.32
7,6,693,1,0,0,1,51.79
17,1,1678,0,1,1,0,76.34
0,2,428,1,0,1,0,27.84
14,3,122,1,1,0,0,45.66
7,6,1996,2,0,1,0,86.88
10,6,1995,2,0,1,0,82.85
11,4,964,0,0,0,1,48.92
11,1,1321,1,1,0,0,78.63
3,1,909,0,1,0,0,60.269999999999996
15,3,1858,2,1,1,0,100.0
3,5,92,0,1,1,0,28.759999999999998
4,0,426,0,0,1,0,18.78
23,4,1114,2,1,1,1,99.42
4,1,219,1,0,0,0,16.57
7,4,261,0,1,1,1,47.83
9,1,1566,2,1,0,0,94.97999999999999
16,4,1753,1,0,1,1,81.59
8,2,88,2,0,1,1,40.64
21,6,418,0,1,0,0,43.54
18,1,806,1,1,1,0,61.18
13,4,200,1,0,1,0,22.0
7,0,1184,2,0,0,0,62.519999999999996
8,2,1553,2,0,1,0,71.59
21,2,1509,2,0,0,1,85.27
10,0,1120,1,0,0,0,50.6
22,4,1073,1,1,0,0,74.19
0,3,1648,0,1,0,1,95.44
13,0,786,1,1,1,0,63.58
4,4,1439,0,1,1,1,88.17
20,0,118,2,0,1,0,32.54
13,0,348,2,0,0,1,50.44
3,1,993,1,0,1,0,46.79
21,4,851,2,1,1,1,85.53
22,3,345,2,0,1,1,49.35
0,6,252,1,0,1,0,19.56
21,1,110,0,1,0,0,35.3
22,0,995,1,1,0,0,69.85
18,6,1012,0,1,1,1,71.36
7,5,1903,1,0,0,1,88.09
14,6,1387,1,0,1,1,72.61
20,0,1234,2,1,1,0,86.02
14,0,380,1,1,1,0,53.4
8,4,1601,1,0,0,1,77.03
20,4,387,0,1,1,0,36.61
8,1,1679,2,0,0,1,93.37
9,3,1377,0,1,0,0,69.31
19,1,1576,0,1,1,0,73.28
20,2,1723,2,1,0,1,100.0
8,0,1411,2,0,0,0,70.33
2,6,1623,2,0,1,0,69.69
19,5,688,1,1,0,0,58.64
10,0,324,2,0,0,0,30.72
5,0,1237,2,1,1,0,86.11
1,1,1516,2,1,1,1,100.0
6,5,368,0,0,0,0,20.04
17,5,638,0,0,1,1,35.14
1,5,553,1,0,1,0,34.59
16,1,1759,0,0,0,0,56.769999999999996
10,0,436,1,1,0,1,72.08
11,1,919,0,0,1,1,46.57
18,4,882,2,0,0,0,46.459999999999994
21,4,1064,0,1,1,0,61.92
23,1,1961,1,1,1,1,100.0
6,5,652,0,1,0,1,59.56
19,0,1823,2,1,0,1,100.0
5,1,1849,1,0,1,1,87.47
20,1,740,2,0,1,0,49.2
23,1,543,2,1,1,0,67.28999999999999
0,2,539,1,1,1,0,55.17
16,4,770,2,0,0,0,45.099999999999994
10,6,1146,2,0,1,0,62.379999999999995
21,5,558,0,0,0,1,37.739999999999995
17,3,439,2,0,0,1,57.17
20,6,1692,2,0,1,1,94.75999999999999
16,5,1930,2,1,0,0,100.0
6,3,344,2,1,0,1,75.32
16,2,1442,1,1,1,0,82.25999999999999
19,1,845,0,1,0,0,57.349999999999994
8,2,914,2,0,0,0,49.42
16,2,1767,2,1,1,1,100.0
19,6,598,1,0,1,0,28.939999999999998
21,0,698,2,0,1,0,42.94
21,6,1923,1,0,1,1,83.69
7,4,617,0,0,1,0,22.509999999999998
16,3,1260,0,0,1,1,58.8
6,1,902,2,0,1,0,56.06
0,6,819,2,0,0,1,68.57
12,3,494,2,1,0,0,59.82
22,5,1643,1,0,1,0,68.28999999999999
18,3,412,2,1,0,1,80.36
23,5,172,2,1,0,0,50.16
18,6,1261,0,0,1,1,52.83
16,4,791,2,0,0,0,52.730000000000004
12,6,729,0,1,1,1,68.87
15,5,469,2,1,0,0,64.07
7,3,1699,0,1,1,0,80.97
18,3,1325,2,1,0,0,92.75
17,5,1692,0,0,0,1,68.75999999999999
0,2,1622,1,0,0,1,80.66
13,4,1408,0,0,1,1,60.239999999999995
18,0,141,0,1,0,1,45.230000000000004
14,1,1603,0,0,0,1,70.09
17,3,1939,2,1,1,0,100.0
1,1,112,2,0,1,0,26.36
21,0,1735,2,1,0,0,100.0
16,6,561,1,0,0,0,34.83
17,1,1212,1,0,0,0,53.36
5,0,1771,0,1,0,1,93.13
18,5,1258,1,1,1,0,78.74000000000001
3,2,1278,0,1,0,1,82.34
0,3,821,0,1,0,0,55.629999999999995
7,0,1287,0,1,1,1,86.61
22,1,305,1,0,0,1,35.15
6,3,184,2,1,0,1,68.52
2,2,1646,1,0,0,0,62.379999999999995
9,5,924,0,0,1,0,28.72
9,6,871,0,0,1,0,28.13
18,3,137,1,0,0,0,21.11
13,6,1909,0,0,0,1,80.27
1,0,1037,0,1,1,1,76.11
0,2,1280,1,1,0,1,97.4
22,1,1202,1,0,0,1,62.059999999999995
22,2,872,1,0,1,0,37.16
17,2,1076,0,1,1,1,78.28
6,4,1023,0,1,1,0,62.69
7,2,983,2,0,0,1,71.49
0,2,1827,2,1,0,1,100.0
22,3,170,1,1,0,1,64.1
2,1,1458,2,1,0,0,95.74
23,3,1687,0,0,1,0,50.61
22,3,1111,2,1,0,1,100.0
7,0,1414,0,0,0,1,57.42
21,3,1057,1,0,1,1,58.709999999999994
14,4,974,1,0,1,0,47.22
4,4,694,0,0,0,0,24.82
2,6,763,2,0,1,0,50.89
18,0,909,1,1,1,1,85.27
0,6,70,1,0,0,0,17.1
14,6,291,2,0,0,1,43.730000000000004
7,5,504,2,0,0,0,44.12
1,1,1012,0,1,0,1,76.36
2,1,670,2,1,1,1,85.1
23,3,352,2,1,1,0,63.56
13,3,1669,2,1,0,1,100.0
23,5,1668,0,1,0,1,93.03999999999999
13,3,852,0,1,1,1,71.56
10,1,1013,1,1,0,0,66.39
15,6,118,0,0,0,1,23.54
3,2,1202,1,0,0,0,51.059999999999995
19,4,245,2,1,0,0,53.35
4,2,189,1,0,1,1,33.67
21,2,1517,1,0,0,0,62.51
20,1,332,2,1,1,1,76.96000000000001
13,2,361,1,0,0,0,27.83
22,5,795,0,0,0,1,45.849999999999994
15,0,1608,0,1,1,0,73.24
17,3,1738,0,0,0,1,68.14
6,0,326,0,1,1,1,52.78
9,6,110,1,1,0,1,61.3
6,4,1392,1,0,0,1,68.75999999999999
0,3,1963,2,0,0,0,83.89
22,2,101,1,0,0,0,19.03
20,4,1929,1,1,0,1,100.0
18,3,202,1,1,1,0,47.06
15,5,1822,2,1,1,1,100.0
18,5,1384,0,0,0,1,61.519999999999996
3,5,1887,1,0,0,0,70.61
17,5,593,2,1,1,0,71.78999999999999
1,2,616,2,0,1,1,56.480000000000004
0,0,1937,2,0,0,0,78.11
14,3,1462,0,1,0,1,89.86
4,2,1621,1,1,1,0,90.63
19,5,671,2,0,0,0,41.129999999999995
10,6,1250,0,1,1,0,68.5
9,0,1435,2,0,0,0,68.05
1,6,363,2,1,1,0,59.89
2,4,856,2,1,1,1,88.68
22,6,897,2,1,0,0,72.91
22,4,146,2,0,1,0,33.379999999999995
11,4,930,0,0,0,1,47.9
19,5,1286,1,1,0,1,92.58
4,4,878,1,1,0,1,77.34
4,1,186,1,1,0,0,49.58
5,3,1079,1,0,1,0,48.37
8,3,1060,0,1,0,1,76.8
1,5,158,0,1,0,1,52.74
20,1,596,0,1,0,1,66.88
11,6,1112,2,1,0,1,97.36
2,2,711,2,0,1,0,49.33
19,6,474,2,0,0,0,42.22
21,2,679,1,1,1,0,55.370000000000005
11,4,310,2,0,1,0,33.3
23,0,1499,1,0,1,0,62.97
16,2,136,2,0,0,1,45.08
9,0,514,1,1,0,0,55.42
23,3,125,2,0,0,1,43.75
13,0,520,2,0,0,1,56.6
22,3,463,0,0,1,1,28.89
16,1,874,2,1,1,0,74.22
17,1,944,2,1,0,1,88.32
18,5,775,0,0,0,0,28.25
16,5,506,1,0,0,1,43.18
13,4,1358,0,1,0,0,65.74000000000001
8,2,1312,0,1,0,1,87.36
7,4,1750,1,0,0,0,65.5
1,3,1672,2,0,0,1,90.16
12,4,702,1,1,1,1,77.06
6,0,721,2,1,1,1,88.63
8,3,1631,2,0,1,1,91.93
21,5,1445,1,1,1,0,86.35
21,1,544,0,0,0,0,23.32
10,5,1697,1,0,0,0,69.91
13,2,1992,2,0,0,1,96.75999999999999
3,3,1118,1,1,0,1,84.53999999999999
12,3,1474,1,0,0,1,73.22
1,0,1320,2,0,1,1,74.6
22,2,1689,0,1,0,1,92.66999999999999
4,1,646,1,1,1,1,69.38
10,6,499,2,0,0,0,36.97
5,3,534,2,0,1,0,39.019999999999996
17,3,695,1,1,0,0,61.849999999999994
20,0,669,0,1,1,0,49.07
9,4,1091,1,1,0,0,71.72999999999999
3,1,1679,0,0,0,0,50.37
8,5,711,0,0,0,0,28.33
5,2,807,0,0,0,0,27.21
1,3,338,0,1,1,1,59.14
16,3,1487,1,0,0,1,73.61
4,5,770,2,1,1,1,84.1
5,1,687,2,0,0,1,55.61
11,4,284,2,1,1,1,76.52
22,3,465,2,0,0,1,49.95
20,1,987,2,0,0,1,69.61
9,5,548,2,1,1,0,61.44
21,0,1023,1,1,0,0,65.69
20,4,683,0,0,0,1,43.489999999999995
5,2,1723,2,1,1,0,99.69
7,3,1069,1,1,0,0,75.07
1,1,164,2,0,1,0,28.92
11,0,981,2,1,0,0,80.43
12,2,723,0,0,1,0,21.689999999999998
20,6,1786,0,0,1,1,73.58
6,1,1307,0,1,1,0,71.21000000000001
9,1,1613,2,1,1,1,100.0
12,2,1084,2,0,0,1,75.52
16,0,255,2,0,0,1,44.65
20,6,1752,0,0,1,0,52.559999999999995
13,5,296,1,0,0,1,33.879999999999995
1,0,1632,2,0,0,1,88.96000000000001
21,4,807,2,0,0,1,64.21000000000001
10,3,1200,2,1,1,1,96.0
0,2,196,1,1,0,0,42.879999999999995
18,5,167,2,1,0,1,71.00999999999999
20,6,1984,1,0,1,1,93.52
3,2,1455,2,1,0,1,100.0
18,2,461,1,0,1,1,40.83
20,0,1737,2,0,1,0,74.11
10,3,1657,0,1,1,1,95.71000000000001
7,4,412,0,0,0,1,30.36
10,1,1582,0,0,0,1,65.46000000000001
3,1,186,0,0,1,1,22.58
16,2,1248,2,0,1,1,81.44
6,3,1362,0,0,1,1,63.86
7,6,1007,1,0,1,0,41.209999999999994
2,6,1554,0,1,1,1,89.62
21,5,68,0,0,1,0,9.04
1,0,244,0,0,0,0,12.32
22,3,379,2,0,1,1,52.37
14,3,224,0,0,1,0,12.719999999999999
23,0,1051,1,1,1,1,82.53
21,6,498,0,1,0,0,42.94
21,6,1998,0,0,0,1,83.94
4,6,995,0,0,0,0,38.849999999999994
23,2,1427,1,0,0,0,57.809999999999995
0,3,1572,0,1,1,1,89.16
3,1,190,1,1,0,0,48.7
14,0,807,1,1,1,0,62.21
19,6,1970,0,1,1,0,93.1
18,5,979,1,0,1,0,40.37
2,6,142,2,1,1,0,54.26
19,6,288,0,1,1,1,48.64
10,4,254,0,0,1,0,12.620000000000001
16,2,609,1,0,0,0,37.269999999999996
12,0,1506,1,1,0,1,95.18
10,4,294,0,1,0,1,55.82
1,4,881,2,1,0,1,90.43
8,5,1390,1,1,0,0,81.69999999999999
1,3,974,1,0,1,0,40.22
20,5,344,2,0,0,0,31.32
8,3,689,2,1,0,0,73.67
8,3,905,0,1,0,1,69.15
7,0,1355,2,1,1,1,100.0
16,6,66,0,1,1,0,35.980000000000004
0,0,120,2,1,1,0,52.6
10,2,1342,1,0,0,0,53.26
7,3,1398,0,0,0,0,50.94
9,4,1867,0,0,0,1,72.00999999999999
6,6,354,0,1,0,1,57.62
2,1,1524,2,1,0,0,99.72
2,2,1080,1,0,1,1,63.4
17,0,1387,0,0,0,0,42.61
4,5,866,0,1,1,0,55.980000000000004
11,2,1176,0,0,0,1,57.28
11,2,870,0,1,1,0,57.099999999999994
18,6,242,1,1,1,1,57.26
5,2,1826,2,0,1,0,78.78
1,2,1647,1,0,1,1,75.41
11,1,578,0,0,0,0,22.34
18,5,220,1,1,0,1,62.6
4,5,1610,0,1,0,0,79.3
11,5,300,2,0,1,0,31.0
16,3,1838,2,1,0,1,100.0
16,4,1460,2,1,0,0,92.8
9,5,1280,0,1,0,1,85.4
22,2,590,1,0,0,1,49.7
16,2,1702,2,1,1,0,100.0
14,5,465,0,0,1,0,18.95
11,6,843,0,0,0,0,26.29
15,5,1453,1,1,0,0,83.59
23,2,1217,2,0,0,1,79.50999999999999
18,3,74,0,1,1,0,28.22
7,0,1895,1,0,1,0,66.85
20,0,717,2,0,1,0,45.51
16,5,1146,1,1,0,1,89.38
22,1,681,1,0,1,0,32.43
4,5,1897,0,0,1,1,78.91
21,6,1906,0,0,1,0,63.18
15,5,1166,0,1,1,1,75.97999999999999
5,0,554,1,1,1,0,57.620000000000005
7,2,1671,0,0,0,0,50.129999999999995
17,5,385,1,0,0,1,44.55
11,2,474,1,0,0,0,30.22
14,2,548,0,1,0,0,46.44
8,1,1437,2,1,1,0,89.11
12,2,996,2,0,0,1,66.88
14,0,679,2,1,0,0,65.37
9,3,1818,1,1,0,1,100.0
15,3,1272,1,1,1,1,92.16
6,4,767,1,1,0,1,81.00999999999999
16,6,1486,0,0,1,0,49.58
22,5,388,1,1,1,1,65.64
20,6,708,0,1,1,1,63.239999999999995
21,0,1011,0,0,0,0,34.33
6,2,478,2,0,1,1,56.34
13,3,1856,2,1,0,1,100.0
14,6,948,2,1,0,0,77.44
20,0,188,0,0,0,0,10.64
6,3,1766,0,0,1,1,76.97999999999999
8,2,991,0,0,1,0,36.730000000000004
18,6,591,1,1,0,0,59.730000000000004
15,3,106,0,1,1,0,32.18
7,5,1305,2,0,1,1,82.15
17,5,707,2,1,1,1,84.21000000000001
22,4,484,0,0,0,0,22.52
17,4,433,0,1,1,1,58.99
19,3,609,2,0,1,0,43.269999999999996
6,0,243,0,0,0,0,10.29
2,5,1809,2,1,1,0,100.0
17,0,1721,1,1,0,0,93.63
9,0,583,2,1,1,0,67.49
6,3,567,1,1,1,1,69.00999999999999
16,0,765,0,1,1,1,68.95
13,5,800,0,1,1,1,73.0
23,2,234,1,0,1,1,38.019999999999996
2,4,1945,0,1,1,0,88.35
11,2,341,1,0,0,0,21.23
12,0,1408,0,0,1,1,64.24
1,2,781,2,1,1,1,83.43
2,5,165,0,0,1,0,4.95
4,5,874,2,0,0,0,51.22
10,0,1122,2,1,0,0,82.66
7,3,734,1,1,0,1,80.02
22,2,131,0,1,1,0,34.93
22,3,883,1,0,1,0,37.489999999999995
11,3,382,0,1,0,1,57.46
6,1,606,2,1,0,1,80.18
14,0,384,2,1,0,1,71.52
23,4,581,0,1,1,0,49.43
16,5,270,0,0,0,0,10.1
3,5,684,1,1,1,1,77.52
21,0,1819,0,0,1,0,60.57
12,6,1806,0,1,1,0,80.18
17,6,372,0,0,0,0,11.16
0,6,1924,1,0,1,1,88.72
15,4,52,0,0,0,1,16.56
12,5,1767,2,1,0,0,100.0
9,0,255,1,0,0,0,26.65
11,5,1905,1,1,0,0,100.0
1,3,89,2,1,1,0,54.67
22,2,108,2,1,1,1,69.24
2,2,1000,2,1,1,1,93.0
9,5,623,0,1,1,0,43.69
1,1,693,2,0,0,0,40.79
22,4,1580,0,1,0,1,90.4
12,6,1645,1,0,0,0,63.35
12,4,1957,1,0,0,1,89.71000000000001
17,4,892,2,0,1,0,49.76
2,3,1195,0,0,0,1,59.85
6,4,1552,2,0,1,0,66.56
13,2,668,2,0,0,0,49.04
19,3,145,0,0,0,1,25.35
16,0,1932,2,1,0,1,100.0
20,4,1487,1,0,0,0,55.61
11,4,1308,2,1,1,0,91.24000000000001
15,0,947,0,0,1,1,52.41
23,4,1135,0,0,1,1,58.05
11,0,1329,1,0,1,0,58.87
14,3,610,0,0,0,0,22.3
9,2,954,0,1,0,1,77.62
6,0,397,1,1,1,1,62.91
19,1,720,2,1,1,1,85.6
4,0,1197,1,0,0,1,67.91
0,4,1555,2,0,0,1,86.65
16,6,366,1,0,1,0,22.98
2,6,1577,2,1,1,0,99.31
12,3,768,1,0,1,1,56.04
13,5,1121,2,1,0,0,82.63
23,3,1482,1,1,1,0,80.46000000000001
17,5,1209,2,0,1,1,72.27
3,6,1274,1,0,1,0,54.22
17,6,299,0,1,1,0,33.97
4,0,363,2,1,1,0,64.89
15,2,1942,1,1,0,1,100.0
0,1,1441,2,0,1,1,87.22999999999999
20,3,1502,2,0,0,0,68.06
13,4,1903,1,0,1,0,67.09
14,5,856,2,0,1,0,48.68
8,4,1553,1,0,1,0,65.59
14,2,1387,0,0,0,0,45.61
16,5,1573,2,1,0,0,100.0
23,3,1794,0,1,0,1,93.82
3,0,1428,2,1,1,0,91.84
11,4,534,2,0,1,0,37.019999999999996
4,2,1284,2,1,0,1,100.0
4,3,1777,1,0,0,0,68.31
10,6,93,0,0,1,0,3.79
5,6,1614,2,1,0,0,95.42
6,3,620,1,0,1,0,35.599999999999994
23,3,632,2,1,0,1,78.96000000000001
13,3,1165,1,1,0,0,71.94999999999999
23,5,1338,2,0,0,1,84.14
10,3,944,0,1,1,0,53.32
12,4,269,0,1,1,0,40.07
1,2,1975,2,1,0,1,100.0
6,5,974,1,1,1,0,68.22
19,3,1515,2,0,1,1,83.44999999999999
3,1,450,1,1,1,1,69.5
7,1,1473,2,1,1,1,100.0
19,2,776,1,1,0,0,65.28
21,6,1040,0,0,1,0,31.2
20,0,948,2,1,1,0,77.44
18,0,1862,0,0,0,0,58.86
12,6,1649,0,1,1,1,91.47
13,5,907,2,1,1,0,76.21
9,5,853,2,1,1,0,79.59
10,5,539,1,0,0,1,43.17
1,0,1558,1,0,0,1,78.74
8,1,1830,0,0,1,0,56.9
16,0,1543,1,0,1,1,71.28999999999999
2,4,1647,1,0,0,1,82.41
23,3,987,2,0,0,1,72.61
5,5,893,1,1,0,1,81.78999999999999
4,1,1755,0,0,1,1,76.65
4,2,1518,1,1,1,0,80.53999999999999
21,2,1342,0,0,0,0,47.26
14,3,316,2,0,1,0,30.48
22,1,103,0,0,1,0,11.09
16,0,577,1,1,1,0,59.31
8,0,1593,2,0,1,0,69.78999999999999
2,4,665,1,0,1,0,33.95
19,4,1132,2,1,1,1,100.0
16,0,1898,2,1,1,0,100.0
9,2,1113,1,1,0,0,76.39
2,5,1310,1,1,0,0,77.3
17,2,1004,2,0,0,1,68.12
17,4,435,2,1,0,0,61.05
16,3,1679,1,0,0,0,69.37
23,0,783,0,0,0,1,46.489999999999995
2,4,765,1,1,0,0,62.95
2,4,699,2,0,0,0,47.97
5,5,349,1,1,0,1,63.47
12,0,444,0,0,1,0,15.32
23,5,1280,1,1,1,1,88.4
14,0,1409,2,1,0,0,96.27
8,5,642,1,1,1,0,60.26
3,2,1803,2,1,1,0,100.0
13,3,563,2,1,0,1,83.89
4,3,1251,1,1,0,1,89.53
1,0,445,2,0,0,1,48.35
10,1,420,2,0,1,0,36.6
8,6,907,0,0,1,0,28.209999999999997
23,4,840,0,1,0,1,67.2
2,4,707,0,0,1,1,41.21
8,0,1391,0,1,1,0,68.72999999999999
2,5,785,2,0,1,0,45.55
1,1,1442,1,0,0,0,58.26
11,2,433,2,1,1,0,61.99
9,5,111,2,0,1,1,47.33
8,5,1879,2,0,1,0,84.37
14,0,554,1,0,1,0,26.62
7,0,288,0,1,1,0,35.64
4,4,244,2,0,1,0,29.32
10,0,727,2,1,1,0,71.81
1,0,1295,0,0,0,0,45.85
23,0,110,2,0,0,0,25.3
14,4,1202,1,0,1,1,63.059999999999995
5,2,1039,2,0,0,1,71.17
7,2,734,2,1,1,1,89.02
4,6,205,0,0,1,0,11.149999999999999
15,6,1990,2,1,1,1,100.0
17,0,1451,2,1,0,0,90.53
5,6,1695,1,0,1,0,63.85
4,4,1854,0,0,1,0,55.62
15,2,972,0,1,0,0,61.16
12,5,917,1,1,0,1,80.50999999999999
4,2,952,2,0,1,0,53.56
12,2,1863,0,0,0,0,57.89
16,4,1659,0,0,0,1,69.77
17,6,1048,2,0,1,1,74.44
7,5,1510,2,0,1,1,88.3
12,4,1024,0,1,1,0,64.72
18,0,1280,2,0,0,1,75.4
2,3,437,0,0,0,0,15.11
23,2,1553,2,1,0,0,94.59
7,3,1864,2,0,1,1,96.91999999999999
1,4,936,1,0,0,1,55.08
7,4,887,2,1,0,1,95.61
12,4,1413,1,0,1,0,59.39
12,3,1942,2,1,1,0,100.0
0,4,389,0,0,1,0,16.67
5,0,253,0,0,0,0,10.59
23,4,210,2,0,1,0,30.3
18,1,1613,2,1,0,0,94.39
15,6,441,0,1,0,1,58.23
7,3,818,2,1,1,0,71.53999999999999
0,1,1750,1,1,1,1,100.0
15,4,624,1,0,1,1,47.72
8,0,583,1,1,1,1,68.49
12,2,1143,1,1,1,1,88.28999999999999
10,5,942,1,1,0,1,82.25999999999999
12,6,454,2,0,0,0,41.62
20,5,657,2,0,0,0,46.71
9,4,1748,1,1,1,0,93.44
3,6,1664,2,1,0,0,96.92
5,6,1590,2,0,1,1,91.69999999999999
6,0,877,1,1,1,1,79.31
4,6,1193,2,1,0,1,100.0
10,3,1887,2,1,0,0,100.0
12,1,739,2,1,1,0,75.17
18,1,1761,1,0,0,0,69.83
22,1,951,2,0,1,0,53.53
9,3,1290,0,0,0,1,56.699999999999996
9,5,105,0,1,0,1,49.15
10,0,415,1,1,0,0,49.45
20,6,1772,0,0,0,0,62.16
6,3,1577,1,0,0,1,79.31
17,1,1817,0,0,1,1,69.50999999999999
3,4,1840,0,1,0,1,97.19999999999999
1,2,1998,0,0,0,1,78.94
13,6,504,1,1,0,0,54.12
12,3,153,1,1,1,1,63.59
11,3,126,2,0,1,1,39.78
6,0,279,1,0,1,1,42.37
1,0,1987,0,1,1,1,100.0
12,3,1331,0,0,1,0,43.93
13,1,1337,1,0,0,0,56.11
16,2,380,1,1,0,0,52.4
8,6,1255,1,1,0,0,76.65
16,0,942,2,1,1,0,80.25999999999999
7,6,1841,0,1,1,0,88.22999999999999
1,1,1623,2,1,0,1,100.0
23,6,737,2,0,1,1,60.11
12,4,76,0,1,1,1,49.28
2,0,1349,0,1,1,1,80.47
15,1,1725,1,1,0,0,89.75
5,1,348,1,0,0,1,40.44
18,2,1006,2,1,1,0,78.18
6,2,848,1,1,1,1,80.44
9,4,1164,1,1,1,1,88.92
8,1,529,0,0,1,1,38.87
1,5,622,0,1,0,0,52.66
14,1,507,1,1,1,1,73.21000000000001
4,2,1524,0,1,0,0,73.72
21,5,414,1,0,0,0,25.42
3,0,908,0,0,0,1,49.239999999999995
19,0,1748,0,0,1,0,61.44
3,6,400,0,0,0,0,15.0
17,3,1728,0,1,0,1,92.84
3,2,1473,1,1,1,1,95.19
16,3,302,2,0,1,1,44.06
11,5,830,0,0,1,1,43.9
21,2,1954,1,1,0,1,100.0
16,4,852,1,1,1,1,83.56
9,1,1061,0,0,0,0,35.83
21,4,508,2,0,0,1,55.24
0,5,1772,0,0,1,1,73.16
21,2,966,1,0,0,0,40.980000000000004
23,5,548,2,1,0,1,79.44
17,1,999,1,0,0,0,39.97
17,0,1999,0,0,0,1,77.97
13,0,557,2,1,1,1,76.71000000000001
14,5,1377,1,1,0,0,80.31
11,3,550,1,1,1,1,73.5
3,2,852,1,1,0,0,67.56
2,2,647,0,1,0,1,63.41
19,0,215,2,0,1,1,50.45
11,6,1488,0,0,0,0,45.64
6,4,511,0,0,0,1,35.33
10,6,969,0,1,0,1,69.07
0,1,163,2,0,0,0,30.89
5,4,1506,0,1,0,1,88.18
14,4,1041,0,0,0,0,35.230000000000004
14,5,1429,0,0,1,1,62.87
18,0,1768,0,1,1,0,78.03999999999999
10,6,256,1,1,1,1,65.68
22,6,1841,0,0,0,0,64.22999999999999
1,0,1308,1,0,0,0,52.24
13,6,1515,0,0,0,1,67.44999999999999
1,0,1428,2,0,1,1,81.84
3,5,564,1,0,0,0,33.92
16,3,1281,1,1,1,1,88.43
2,4,758,1,1,0,0,64.74
12,5,1926,1,1,0,1,100.0
8,2,1198,2,1,0,1,96.94
6,1,187,0,0,1,0,10.61
14,3,388,1,0,0,0,22.64
22,2,586,2,1,1,1,81.58
10,4,117,1,0,0,1,29.509999999999998
19,6,1646,0,1,0,1,91.38
1,0,1614,1,0,1,1,78.42
14,4,432,2,0,0,1,47.96
13,5,68,0,0,0,0,7.04
19,1,732,2,1,0,1,83.96000000000001
21,5,1523,0,1,0,1,91.69
10,3,123,0,1,1,0,29.69
2,3,622,0,1,1,0,48.66
16,1,988,1,0,0,0,46.64
11,2,1738,2,0,0,1,87.14
23,2,1349,2,0,1,0,68.47
20,3,1121,2,0,0,0,57.629999999999995
14,3,260,0,1,1,0,36.8
15,6,904,1,0,0,0,41.12
4,0,1993,0,0,1,1,79.78999999999999
19,6,700,2,0,1,1,57.0
5,6,1695,1,1,1,1,100.0
18,2,1043,1,1,1,0,69.28999999999999
4,1,744,1,1,0,0,64.32
2,2,589,2,0,0,0,45.67
0,0,1782,1,1,1,0,96.46000000000001
5,5,1264,1,0,1,0,54.92
14,3,1388,0,0,1,0,43.64
1,3,950,0,0,1,1,52.5
2,0,1636,1,1,0,1,100.0
16,6,1734,1,1,1,0,87.02
23,1,829,0,0,1,1,47.87
11,3,1635,0,0,1,0,53.05
17,4,1973,0,1,1,0,89.19
14,6,1831,2,1,1,1,100.0
11,3,1186,2,1,1,0,89.58
15,4,219,0,0,1,1,28.57
7,0,1541,1,0,0,0,62.23
13,0,1751,0,0,1,0,52.53
16,6,1994,2,1,1,1,100.0
20,3,1087,1,1,1,0,71.61
7,2,1788,2,1,0,0,100.0
14,4,337,1,0,0,0,28.11
13,1,1980,2,0,0,1,99.4
17,3,238,1,1,1,0,49.14
19,1,963,1,0,1,0,47.89
6,3,1228,1,1,1,0,71.84
2,2,1640,1,0,0,1,83.19999999999999
11,2,743,2,1,1,1,88.28999999999999
20,6,1795,2,0,0,1,90.85
23,6,937,1,0,0,1,61.11
2,2,520,1,1,0,1,70.6
19,5,1148,2,1,0,0,83.44
13,2,326,1,1,0,1,66.78
14,0,989,1,1,1,1,86.67
13,0,1718,1,1,1,0,88.53999999999999
6,5,1416,0,0,0,1,58.48
16,4,1498,1,1,1,0,80.94
11,1,620,0,1,1,1,62.599999999999994
19,3,1584,1,1,0,0,91.52
3,3,906,2,0,0,0,53.18
8,5,1050,0,1,1,1,78.5
5,0,1255,0,1,1,1,86.65
15,6,507,1,1,1,0,57.21
21,3,967,1,0,1,0,46.01
21,0,1924,0,0,0,0,66.72
20,4,882,2,1,1,0,73.46
20,1,1137,2,0,0,0,55.11
1,4,888,1,1,0,0,64.64
23,5,1333,2,0,1,0,59.99
7,2,242,2,1,1,1,69.25999999999999
10,2,1728,1,0,1,0,69.84
12,2,665,2,1,0,1,85.95
16,4,455,1,1,0,1,69.65
7,3,1799,0,0,0,0,53.97
20,1,1827,1,1,0,0,95.81
17,2,992,0,1,1,1,78.75999999999999
17,5,770,0,1,0,0,54.099999999999994
13,5,142,2,1,0,0,52.26
14,2,479,2,0,1,1,55.37
5,2,703,2,1,0,1,88.09
10,1,1507,1,0,0,1,72.21000000000001
12,2,1477,2,0,1,0,73.31
0,1,483,0,0,0,0,15.49
5,5,1185,2,0,0,1,76.55
8,2,424,2,1,0,0,61.72
7,4,1132,1,1,0,1,87.96000000000001
10,6,1116,1,0,1,0,47.48
21,4,256,0,1,0,1,53.68
18,5,829,1,0,1,0,42.87
23,1,1369,2,1,0,1,100.0
8,4,1191,1,1,1,0,75.72999999999999
16,1,581,0,1,1,0,48.43
11,4,1295,2,0,1,1,81.85
13,4,215,0,0,0,0,11.45
14,1,692,1,1,0,0,55.76
15,3,1229,1,0,0,1,64.87
21,4,1257,0,0,1,0,44.71
21,2,139,2,1,0,0,55.17
19,6,1167,1,0,0,0,47.01
0,5,62,1,1,0,1,60.86
9,3,1022,2,1,0,1,92.66
7,1,1907,1,1,1,1,100.0
17,3,854,0,0,1,1,40.62
0,0,994,1,1,0,1,88.82
1,0,791,1,1,0,0,58.730000000000004
0,4,1907,2,0,0,0,82.21000000000001
0,4,1877,0,0,1,1,71.31
8,2,1511,2,0,0,0,69.33
12,6,1611,1,0,1,0,61.33
0,5,1660,1,1,1,0,88.8
12,3,925,2,0,0,0,53.75
19,0,1884,2,0,0,1,96.52
21,4,1223,2,0,0,1,79.69
6,5,709,0,0,1,0,26.27
1,3,1081,1,1,1,0,75.43
5,4,1102,2,0,0,1,71.06
6,4,345,1,1,1,0,45.35
13,0,1035,0,0,0,0,31.049999999999997
17,0,975,0,1,0,0,63.25
14,4,1794,0,1,1,1,99.82
1,1,689,0,0,1,1,37.67
9,4,389,1,1,1,0,47.67
22,5,677,0,0,1,0,25.31
11,4,488,0,1,0,0,44.64
16,2,1217,2,1,0,0,87.50999999999999
7,6,991,0,1,0,0,58.730000000000004
10,2,879,2,0,1,0,53.37
2,2,1820,0,1,0,1,100.0
5,1,568,0,0,1,1,33.04
8,1,1025,2,1,1,0,75.75
5,4,1118,0,1,1,1,81.53999999999999
8,2,1004,1,1,0,0,69.12
6,1,1312,1,1,1,0,78.36
8,0,1001,0,1,1,1,79.03
17,4,993,1,1,1,1,82.78999999999999
11,5,204,2,0,1,0,27.12
7,6,1254,0,0,1,0,41.62
7,3,1288,0,0,1,1,54.64
17,4,137,2,1,1,1,70.11
19,3,1329,2,0,1,0,67.87
14,2,1584,2,1,1,0,100.0
6,6,1146,0,0,1,0,39.379999999999995
10,3,980,2,0,1,1,64.4
19,2,228,2,1,1,0,56.84
15,0,261,1,1,0,1,61.83
3,3,1878,1,0,0,0,69.34
5,6,1307,0,0,1,1,59.21
21,4,514,1,0,1,1,45.42
2,2,1824,1,0,1,1,84.72
8,4,1296,2,1,0,1,99.88
9,6,680,2,0,0,0,46.4
13,1,874,1,1,0,1,79.22
10,2,1337,1,1,1,1,98.11
17,3,1280,1,0,1,1,72.4
21,2,656,0,1,1,0,45.68
11,4,934,0,0,1,0,32.019999999999996
22,0,1807,0,1,0,0,82.21000000000001
11,2,415,1,1,1,0,55.45
12,3,325,1,0,0,0,22.75
12,1,429,0,1,0,0,44.87
18,5,1816,0,1,1,1,100.0
18,0,1382,1,0,0,1,71.46000000000001
22,1,1704,2,1,0,1,100.0
13,2,1341,0,1,0,0,72.22999999999999
3,4,994,1,0,0,1,63.82
12,6,1858,1,0,1,1,88.74
7,4,1137,2,1,1,0,83.11
22,3,859,1,1,0,1,75.77
20,4,1423,1,1,1,0,77.69
22,0,974,0,0,0,1,45.22
18,4,1988,0,1,1,0,93.64
11,3,543,2,1,1,0,70.28999999999999
17,5,1596,2,1,1,0,96.88
5,2,1171,1,1,1,1,88.13
17,6,1144,0,1,1,1,74.32
18,2,413,2,1,0,0,60.39
21,4,619,2,0,1,0,41.57
4,1,1875,2,0,0,1,100.0
23,2,812,1,1,0,1,77.36
8,5,325,0,1,1,0,34.75
2,4,99,2,0,0,1,45.97
9,6,1431,0,0,1,1,59.93
18,3,777,2,0,0,1,61.31
2,5,955,2,1,0,0,77.65
21,4,977,0,1,1,0,60.31
14,5,613,0,1,1,1,63.39
0,2,832,0,1,1,0,53.96
6,6,534,1,0,1,1,48.019999999999996
11,3,1157,2,0,0,1,69.71000000000001
16,4,1972,1,0,1,0,75.16
20,0,1878,0,0,0,0,61.339999999999996
23,3,1711,2,1,0,0,100.0
19,0,1881,1,1,0,1,100.0
4,5,633,2,0,0,1,55.989999999999995
3,1,1369,1,0,0,0,51.07
11,3,285,0,0,0,0,16.549999999999997
19,5,105,1,0,1,0,14.15
23,0,1992,2,0,0,1,100.0
17,2,409,2,1,0,1,74.27
16,2,1980,2,1,0,1,100.0
18,1,159,2,0,1,0,33.769999999999996
8,3,241,0,0,1,0,15.23
3,3,953,1,0,0,1,55.59
20,3,1166,0,1,1,0,64.97999999999999
1,5,911,0,1,0,0,58.33
3,6,617,0,1,1,0,43.51
1,6,1133,2,0,0,0,59.99
14,1,699,2,1,1,1,83.97
1,3,88,2,0,1,0,26.64
3,5,1613,1,1,1,1,100.0
5,2,1122,2,1,0,1,96.66
6,0,1493,1,1,0,0,82.78999999999999
9,5,686,2,0,0,1,62.58
18,6,1086,2,0,1,1,71.58
18,6,85,0,1,1,0,32.55
21,2,150,0,0,0,1,23.5
11,2,1867,0,0,1,1,71.00999999999999
2,0,1159,1,0,0,1,65.77
12,2,1589,1,0,0,1,77.67
17,1,1296,2,0,0,1,74.88
7,0,1411,1,0,0,1,73.33
20,2,215,2,0,1,1,46.45
14,4,432,1,1,1,1,66.96000000000001
0,5,1929,1,0,1,0,74.87
2,2,1968,1,0,0,0,73.03999999999999
